"var","label"
"pid","个人ID"
"fid20","2020年家庭样本编码"
"code","家庭户内3位码"
"provcd20","2020年省国标码"
"countyid20","区县顺序码"
"urban20","基于国家统计局资料的城乡分类"
"fid10","CFPS2010家户号"
"fid12","CFPS2012家户号"
"fid14","CFPS2014家户号"
"fid16","CFPS2016家户号"
"fid18","CFPS2018家户号"
"fidbaseline","基线家庭编码"
"psu","基线源头家户号对应的PSU"
"subsample","基线源头家户号是否在全国再抽样样本中"
"subpopulation","基线源头家户号对应的抽样子总体"
"tb6_a20_p","个人是否居住在家"
"proxytype","代答样本"
"interrupt","中断样本"
"selfrpt","有无自答问卷"
"proxyrpt","有无代答问卷"
"proxy_iwmode","代答问卷模式"
"self_iwmode","自答问卷模式"
"iinterv","加载变量：个人自答长卷完访情况（1=完访，缺失代表从未接受访问或初访）"
"iintervy","加载变量：最近一次调查个人自答长卷完访年"
"gene","加载变量：是否属于基因成员"
"ibirthy","加载变量：出生年份"
"gender","加载变量：受访者性别"
"minzu","加载变量：民族数据是否有数据"
"birthw","加载变量：出生时体重是否有数据"
"huk","加载变量：最近一轮调查户口地址"
"birthp","加载变量：出生时家庭住址"
"a12p","加载变量：12岁时家庭住址"
"a12hk","加载变量：12岁时家庭住址"
"military","加载变量：是否是退伍军人"
"edu_last","加载变量：最近一次调查最高学历"
"r1_last","加载变量：最近一次调查最高学历"
"respscale_times","加载变量：责任感量表回答次数"
"train","加载变量：是否乘坐过火车"
"plane","加载变量：是否乘坐过飞机"
"marriage_last","加载变量：最近一次访问婚姻状态"
"retire","加载变量：是否已退休"
"pension","加载变量：是否已经办理养老金领取手续"
"firstj_last","加载变量：是否采集第一份工作信息"
"child16n","加载变量：访问当年家庭中16岁以下子女的数量"
"mother_dead","加载变量：最近一次调查母亲已去世"
"father_dead","加载变量：最近一次调查父亲已去世"
"party","加载变量：是否是共产党员"
"hand","加载变量：2018年P103题习惯用手是否已回答"
"smokeage","加载变量：开始吸烟的年龄"
"fml_count","加载变量：家庭成员人数"
"wordlist","加载变量：最近一次完成的记忆测试题组编号+1，若超过4则重1开始轮回。"
"seqlist","加载变量：最近一次完成的数列测试题组编号+1，若超过2则重1开始轮回。"
"ses14","加载变量：是否需要补充采集14岁时父母的信息"
"birthy","出生年份"
"cyear","CYEAR"
"cmonth","CMONTH"
"qa001y","出生日期（年）"
"qa001m","出生日期（月）"
"qa001b","年龄"
"age","年龄"
"ibirthy_update","出生年份更新"
"qa002","受访者性别"
"gender_update","受访者性别更新"
"qa301","现在的户口状况"
"qa3020","户口所在地变化"
"qa302","现在的户口所在地"
"qa302a_code","您现在户口所在地(省)"
"qa302c_code","您现在户口所在地（县/市）"
"qa303y","离开户口所在地年份（年）"
"qa303m","离开户口所在地月份（月）"
"qa701code","民族成分"
"qa401","出生时家庭地址"
"qa401a_code","您出生时家庭住址（省）"
"qa401c_code","您出生时家庭住址（县/市）"
"qa601","12岁时居住地是否与出生地相同"
"qa602","12岁时居住地"
"qa602a_code","12岁时居住地（省）"
"qa602c_code","12岁时居住地（县/市）"
"qa603","12岁时户口状况"
"qa9","是否是退伍军人"
"qa901","参军开始时间（年）"
"qa902","参军结束时间（年）"
"qc1","现在在上学吗"
"qc2","是否处在假期"
"school","上学状态"
"qc3","现在上哪个阶段"
"qc4","是全日制还是在职学生"
"qc5","正在上几年级"
"wr0s1","就读学校名称确认"
"wr0s2","就读学校确认"
"qr0","哪年起就读（年）"
"qr1","就近入学"
"qr2","如何入读该校"
"qr3","是否缴纳赞助费或借读费"
"qr4","择校/赞助费（元）"
"qr5","为入学变更居住地"
"qr6","如何变更居住地"
"qr7","为入学变更居户口地址"
"qs1002","目前就读学校所在地"
"qs3","现在上的是哪类小学"
"qs4_b_1","现在上哪类初中"
"qs401code","初中所学专业"
"qs5","现上哪类高中"
"qs501_b_1code","高中所学专业"
"qs601","是否公立学校"
"qs602","是否示范/重点学校"
"qs603","是哪种类型的私立学校"
"qs604","是否在重点班"
"qs605","班级人数（人）"
"qs606","年级人数（人）"
"qs7","上哪类大专"
"qs701_b_1code","大专主修学科（编码）"
"qs8","现在上哪类本科"
"qs801_b_1","专业人数（人）"
"qs9code","专业学科（编码）"
"qs10","学校是否能够寄宿"
"qs1001","是否寄宿"
"qs1003","寄宿时每月回家次数(次)"
"qs11","从住处到学校有多远(公里)"
"qs1102","从住处到学校出行方式"
"qs1103","住处到学校需几分钟(分钟)"
"kr425","最近一次期中、期末考试班级排名(%)"
"kr426","最近一次期中、期末考试年级排名(%)"
"kr4301","是否曾请假"
"kr4302","是否曾旷课"
"kr431","请假旷课的主因"
"kr432","一共请假和旷课几次(次)"
"kra605","上学期本专业排名(%)"
"qs1011","非周末学习时间(小时/天)"
"qs1012","周末学习时间(小时/天)"
"qs1_b_2","是否担任学生干部"
"qs102b","担任的最高职务级别"
"qs2","是否参加学生社团"
"qs201","参加了几个社团(个)"
"qs202","是否担任社团干部"
"qs3m","与同学交谈的语言"
"qs4_b_2","学习好天赋占比(%)"
"qs501_b_2","自己的学业情况"
"qs502","学习压力"
"qs503","有多优秀"
"qs504","适合做学生干部"
"qs601n","我学习很努力"
"qs602n","会集中精力学习"
"qs603mn","会检查学校功课"
"qs604n","遵守校规校纪"
"qs605n","把物品摆放整齐"
"qs606mn","完成学校功课后才玩"
"qs701_b_2","对学校满意程度"
"qs702","对班主任老师满意程度"
"qs703","对语文老师满意程度"
"qs704","对数学老师满意程度"
"qs705","对外语老师满意程度"
"pt1","是否参加辅导班"
"pt2","是否参加学校辅导"
"pt201","每周参加学校课程辅导时间（小时）"
"pt3","是否参加竞赛辅导"
"pt301","每周参加竞赛辅导时间（小时）"
"pt4","是否参加才艺培养"
"pt401","每周参加才艺培养辅导时间（小时）"
"pt5","是否参加心智开发"
"pt501","每周参加心智开发辅导时间（小时）"
"pt7","是否参加其他辅导班"
"pt701","每周参加其他辅导时间（小时）"
"pt8","是否请家教"
"pd503r","过去12个月课外辅导费（元）"
"pd501a","是否支付学杂费"
"pd502a","是否支付伙食、住宿及校车费"
"pd503a","是否支付书本及用具费"
"pd504a","过去12个月是否有其他费用"
"pd501b","过去12个月学校教育支出(元/年)"
"pd577rn","过去12个月其他费用(元/年)"
"pd5total","教育支出总费用"
"pd5ckp","教育总支出确认"
"pd5total_mn","教育总支出(元/年)"
"pd6","过去12个月亲戚朋友支付 （元）"
"wd7rn","政府、学校及其他组织机构支付"
"w01","最高学历"
"kw2y","离开学校（年）"
"kw2m","离开学校（月）"
"kw0","其他教育经历"
"kw1_s_1","上次调查至今或曾经经历过的教育阶段：选择1"
"kw1_s_2","上次调查至今或曾经经历过的教育阶段：选择2"
"kw1_s_3","上次调查至今或曾经经历过的教育阶段：选择3"
"kw1_s_4","上次调查至今或曾经经历过的教育阶段：选择4"
"kw1_s_5","上次调查至今或曾经经历过的教育阶段：选择5"
"kw1_s_6","上次调查至今或曾经经历过的教育阶段：选择6"
"kw1_s_7","上次调查至今或曾经经历过的教育阶段：选择7"
"wedu","教育阶段"
"kw301_b_1","上哪类小学"
"kw401_b_1","上哪类初中"
"kw501_b_1","上哪类高中"
"kw601_b_1","上哪类大专"
"kw701_b_1","上哪类本科"
"kw801_b_1","读硕士是脱产还是在职"
"kw801_b_2","读博士是脱产还是在职"
"kw1001_b_1","哪年就读该小学"
"kw1001_b_2","哪年起入读该初中"
"kw1001_b_3","哪年起入读该高中"
"kw1001_b_4","哪年起入读该大专"
"kw1001_b_5","哪年起入读该本科"
"kw1001_b_6","哪年起入读该校硕士"
"kw1001_b_7","哪年起入读该校博士"
"kw1002_b_2code","高中所学专业"
"kw1003_b_1code","大专阶段主修专业的学科"
"kw1003_b_2code","大学阶段主修专业的学科"
"kw1003_b_3code","硕士阶段主修专业的学科"
"kw1003_b_4code","博士阶段主修专业的学科"
"kw1004_b_1","是否小学毕业"
"kw1004_b_2","是否初中毕业"
"kw1004_b_3","是否高中毕业"
"kw1004_b_4","是否大专毕业"
"kw1004_b_5","是否本科毕业"
"kw1004_b_6","是否硕士毕业"
"kw1004_b_7","是否博士毕业"
"kwa1_b_1","没毕业的主因"
"kw1005_b_1","是否获得本科学位"
"kw1005_b_2","是否获得硕士学位"
"kw1005_b_3","是否获得博士学位"
"kwa2_b_1","没升学的主因"
"qs801_b_2code","希望的具体职业"
"qc201","您期望的受教育程度"
"qea0","当前婚姻状态"
"qea1","确认上一次访问时婚姻状态"
"marriage_last_update","2018婚姻状态更新"
"qea2","2018年婚姻状况"
"qea201y","配偶/同伴出生日期(年)"
"qea201m","配偶/同伴出生日期(月)"
"qea202","配偶/同伴学历状况"
"qea204","与配偶/同伴如何认识"
"qea205y","结婚日期(年)"
"qea205m","结婚日期(月)"
"qea206","婚前同居"
"qea207","婚前同居月数（月）"
"qea2071","是否是初婚"
"qea208y","离婚日期(年)"
"qea208m","离婚日期(月)"
"qea209y","配偶去世日期(年)"
"qea209m","配偶去世日期(月)"
"qea210code","配偶去世原因"
"qea211y","同居开始日期(年)"
"qea211m","同居开始日期(月)"
"qea2111","是否结过婚"
"eeb401y_a_1","结婚日期(年)"
"eeb401m_a_1","结婚日期(月)"
"eeb402y_a_1","对方出生日期(年)"
"eeb402m_a_1","对方出生日期(月)"
"eeb4021_a_1","对方已完成（毕业）的最高学历"
"eeb403_a_1","如何认识"
"eeb404_a_1","您与对方婚前是否同居过一段时间"
"eeb405_1_a_1","婚前同居月数（月）"
"eeb406_1_a_1","婚姻是否持续"
"eeb406y_a_1","婚姻结束时间（年）"
"eeb406m_a_1","婚姻结束时间（月）"
"eeb406c_a_1","是否持续到当前"
"eeb407_a_1","您与对方分开的原因是"
"eeb408_a_1code","配偶死亡原因"
"eeb409_a_1","您接下来是否结过婚"
"eeb601y_a_1","第1段/第2段…同居的开始时间是 （年）"
"eeb601m_a_1","第1段/第2段…同居的开始时间是 （月）"
"eeb602_1_a_1","第1段/第2段…同居是否持续"
"eeb602y_a_1","第1段/第2段…同居的结束时间是 （年）"
"eeb602m_a_1","第1段/第2段…同居的结束时间是 （月）"
"eeb602c_a_1","是否持续到当前"
"eeb603y_a_1","对方出生日期（年）"
"eeb603m_a_1","对方出生日期（月）"
"eeb604_a_1","您与对方是如何认识的"
"eeb601y_a_2","第1段/第2段…同居的开始时间是 （年）"
"eeb601m_a_2","第1段/第2段…同居的开始时间是 （月）"
"eeb602_1_a_2","第1段/第2段…同居是否持续"
"eeb602y_a_2","第1段/第2段…同居的结束时间是 （年）"
"eeb602m_a_2","第1段/第2段…同居的结束时间是 （月）"
"eeb602c_a_2","是否持续到当前"
"eeb603y_a_2","对方出生日期（年）"
"eeb603m_a_2","对方出生日期（月）"
"eeb604_a_2","您与对方是如何认识的"
"eeb601y_a_3","第1段/第2段…同居的开始时间是 （年）"
"eeb601m_a_3","第1段/第2段…同居的开始时间是 （月）"
"eeb602_1_a_3","第1段/第2段…同居是否持续"
"eeb602y_a_3","第1段/第2段…同居的结束时间是 （年）"
"eeb602m_a_3","第1段/第2段…同居的结束时间是 （月）"
"eeb602c_a_3","是否持续到当前"
"eeb603y_a_3","对方出生日期（年）"
"eeb603m_a_3","对方出生日期（月）"
"eeb604_a_3","您与对方是如何认识的"
"eeb601y_a_4","第1段/第2段…同居的开始时间是 （年）"
"eeb601m_a_4","第1段/第2段…同居的开始时间是 （月）"
"eeb602_1_a_4","第1段/第2段…同居是否持续"
"eeb602y_a_4","第1段/第2段…同居的结束时间是 （年）"
"eeb602m_a_4","第1段/第2段…同居的结束时间是 （月）"
"eeb602c_a_4","是否持续到当前"
"eeb603y_a_4","对方出生日期（年）"
"eeb603m_a_4","对方出生日期（月）"
"eeb604_a_4","您与对方是如何认识的"
"eeb1","2018年调查时/2018年1月1日至今，您是否结过婚"
"eeb2","您与2018年调查/2018年1月1日时的同居伙伴是否结婚"
"eeb201y","你们的结婚日期是 （年）"
"eeb201m","你们的结婚日期是（月）"
"eb202_1","您的婚姻是否持续到当前"
"eeb202y","您与EA200的婚姻持续到什么时候 （年）"
"eeb202m","您与EA200的婚姻持续到什么时候（月）"
"eeb202c","是否持续到当前"
"eb203_1","同居是否持续到当前"
"eeb203y","您与EA200的同居持续到什么时候 （年）"
"eeb203m","您与EA200的同居持续到什么时候（月）"
"eeb203c","是否持续到当前"
"eeb301","您与对方分开的原因是"
"eeb302code","死亡原因"
"eeb4","您接下来是否结过婚"
"eeb5","是否有其他同居经历"
"eeb501","从上次调查至今，是否有其他同居经历"
"eeb6","有过几次同居经历"
"qk9","有恋爱关系吗"
"qka201","理想结婚年龄（岁）"
"qka205","未来两年生育意愿"
"qm9","嫁妆价值（元）"
"qm801","您对您当前的“婚姻/同居”生活有多满意"
"qm802","您对对方在经济上为家庭做出的贡献有多满意"
"qm803","您对对方在家务上为家庭做出的贡献有多满意"
"marriagen","生成婚姻段数变量"
"cohabitn","生成同居段数变量"
"cmstart","2018年1月1日至今新开始且持续到当前的婚姻"
"firstenterehcy","首次进入EHC月份"
"firstenterehcm","首次进入EHC年份"
"ear1","2018地址确认"
"ear101_pre","上一期地址确认"
"ear101a","2018居住地址（省）"
"ear101c_code","2018居住地址（县/市）"
"ear102","2018地址是否为当前主要的居住地址"
"ear103","2018调查至今是否离开过主要居住地址"
"ear104y","最早搬离2018居住地址时间（年）"
"ear104m","最早搬离2018居住地址时间（月）"
"ear105y","最近入住2018居住地址时间（年）"
"ear105m","最近入住2018居住地址时间（月）"
"ear2","当前主要地址确认"
"ear201_pre","当前主要的居住地址确认"
"ear201a","当前主要居住地址（省）"
"ear201c_code","当前主要居住地址（县/市）"
"ear202y","当前主要居住地址最近入住时间（年）"
"ear202m","当前主要居住地址最近入住时间（月）"
"ear4","其他居住地址数（处）"
"ear5a_a_1","其他地址1（省）"
"ear5c_a_1_code","其他地址1（县/市）"
"ear601_a_1","在其他地址A居住的其他时段1"
"ear6sy_a_1","其他地址A第1段居住起始时间（年）"
"ear6sm_a_1","其他地址A第1段居住起始时间（月）"
"ear6fy_a_1","其他地址A第1段居住结束时间（年）"
"ear6fm_a_1","其他地址A第1段居住结束时间（月）"
"ear6fc_a_1","其他地址A第1段居住是否持续到当前"
"ear601_a_2","在其他地址A居住的其他时段2"
"ear6sy_a_2","其他地址A第2段居住起始时间（年）"
"ear6sm_a_2","其他地址A第2段居住起始时间（月）"
"ear6fy_a_2","其他地址A第2段居住结束时间（年）"
"ear6fm_a_2","其他地址A第2段居住结束时间（月）"
"ear6fc_a_2","其他地址A第2段居住是否持续到当前"
"ear601_a_3","在其他地址A居住的其他时段3"
"ear6sy_a_3","其他地址A第3段居住起始时间（年）"
"ear6sm_a_3","其他地址A第3段居住起始时间（月）"
"ear6fy_a_3","其他地址A第3段居住结束时间（年）"
"ear6fm_a_3","其他地址A第3段居住结束时间（月）"
"ear6fc_a_3","其他地址A第3段居住是否持续到当前"
"ear601_a_4","在其他地址A居住的其他时段4"
"ear6sy_a_4","其他地址A第4段居住起始时间（年）"
"ear6sm_a_4","其他地址A第4段居住起始时间（月）"
"ear6fy_a_4","其他地址A第4段居住结束时间（年）"
"ear6fm_a_4","其他地址A第4段居住结束时间（月）"
"ear6fc_a_4","其他地址A第4段居住是否持续到当前"
"ear601_a_5","在其他地址A居住的其他时段5"
"ear6sy_a_5","其他地址A第5段居住起始时间（年）"
"ear6sm_a_5","其他地址A第5段居住起始时间（月）"
"ear6fy_a_5","其他地址A第5段居住结束时间（年）"
"ear6fm_a_5","其他地址A第5段居住结束时间（月）"
"ear6fc_a_5","其他地址A第5段居住是否持续到当前"
"ear601_a_6","在其他地址A居住的其他时段6"
"ear6sy_a_6","其他地址A第6段居住起始时间（年）"
"ear6sm_a_6","其他地址A第6段居住起始时间（月）"
"ear6fy_a_6","其他地址A第6段居住结束时间（年）"
"ear6fm_a_6","其他地址A第6段居住结束时间（月）"
"ear6fc_a_6","其他地址A第6段居住是否持续到当前"
"ear601_a_7","在其他地址A居住的其他时段7"
"ear6sy_a_7","其他地址A第7段居住起始时间（年）"
"ear6sm_a_7","其他地址A第7段居住起始时间（月）"
"ear6fy_a_7","其他地址A第7段居住结束时间（年）"
"ear6fm_a_7","其他地址A第7段居住结束时间（月）"
"ear6fc_a_7","其他地址A第7段居住是否持续到当前"
"ear5a_a_2","其他地址2（省）"
"ear5c_a_2_code","其他地址2（县/市）"
"ear601_a_9","在其他地址B居住的其他时段1"
"ear6sy_a_9","其他地址B第1段居住起始时间（年）"
"ear6sm_a_9","其他地址B第1段居住起始时间（月）"
"ear6fy_a_9","其他地址B第1段居住结束时间（年）"
"ear6fm_a_9","其他地址B第1段居住结束时间（月）"
"ear6fc_a_9","其他地址B第1段居住是否持续到当前"
"ear601_a_10","在其他地址B居住的其他时段2"
"ear6sy_a_10","其他地址B第2段居住起始时间（年）"
"ear6sm_a_10","其他地址B第2段居住起始时间（月）"
"ear6fy_a_10","其他地址B第2段居住结束时间（年）"
"ear6fm_a_10","其他地址B第2段居住结束时间（月）"
"ear6fc_a_10","其他地址B第2段居住是否持续到当前"
"ear601_a_11","在其他地址B居住的其他时段3"
"ear6sy_a_11","其他地址B第3段居住起始时间（年）"
"ear6sm_a_11","其他地址B第3段居住起始时间（月）"
"ear6fy_a_11","其他地址B第3段居住结束时间（年）"
"ear6fm_a_11","其他地址B第3段居住结束时间（月）"
"ear6fc_a_11","其他地址B第3段居住是否持续到当前"
"ear601_a_12","在其他地址B居住的其他时段4"
"ear6sy_a_12","其他地址B第4段居住起始时间（年）"
"ear6sm_a_12","其他地址B第4段居住起始时间（月）"
"ear6fy_a_12","其他地址B第4段居住结束时间（年）"
"ear6fm_a_12","其他地址B第4段居住结束时间（月）"
"ear6fc_a_12","其他地址B第4段居住是否持续到当前"
"ear601_a_13","在其他地址B居住的其他时段5"
"ear6sy_a_13","其他地址B第5段居住起始时间（年）"
"ear6sm_a_13","其他地址B第5段居住起始时间（月）"
"ear6fy_a_13","其他地址B第5段居住结束时间（年）"
"ear6fm_a_13","其他地址B第5段居住结束时间（月）"
"ear6fc_a_13","其他地址B第5段居住是否持续到当前"
"ear601_a_14","在其他地址B居住的其他时段6"
"ear6sy_a_14","其他地址B第6段居住起始时间（年）"
"ear6sm_a_14","其他地址B第6段居住起始时间（月）"
"ear6fy_a_14","其他地址B第6段居住结束时间（年）"
"ear6fm_a_14","其他地址B第6段居住结束时间（月）"
"ear6fc_a_14","其他地址B第6段居住是否持续到当前"
"ear601_a_15","在其他地址B居住的其他时段7"
"ear6sy_a_15","其他地址B第7段居住起始时间（年）"
"ear6sm_a_15","其他地址B第7段居住起始时间（月）"
"ear6fy_a_15","其他地址B第7段居住结束时间（年）"
"ear6fm_a_15","其他地址B第7段居住结束时间（月）"
"ear6fc_a_15","其他地址B第7段居住是否持续到当前"
"ear5a_a_3","其他地址3（省）"
"ear5c_a_3_code","其他地址3（县/市）"
"ear601_a_17","在其他地址C居住的其他时段1"
"ear6sy_a_17","其他地址C第1段居住起始时间（年）"
"ear6sm_a_17","其他地址C第1段居住起始时间（月）"
"ear6fy_a_17","其他地址C第1段居住结束时间（年）"
"ear6fm_a_17","其他地址C第1段居住结束时间（月）"
"ear6fc_a_17","其他地址C第1段居住是否持续到当前"
"ear601_a_18","在其他地址C居住的其他时段2"
"ear6sy_a_18","其他地址C第2段居住起始时间（年）"
"ear6sm_a_18","其他地址C第2段居住起始时间（月）"
"ear6fy_a_18","其他地址C第2段居住结束时间（年）"
"ear6fm_a_18","其他地址C第2段居住结束时间（月）"
"ear6fc_a_18","其他地址C第2段居住是否持续到当前"
"ear601_a_19","在其他地址C居住的其他时段3"
"ear6sy_a_19","其他地址C第3段居住起始时间（年）"
"ear6sm_a_19","其他地址C第3段居住起始时间（月）"
"ear6fy_a_19","其他地址C第3段居住结束时间（年）"
"ear6fm_a_19","其他地址C第3段居住结束时间（月）"
"ear6fc_a_19","其他地址C第3段居住是否持续到当前"
"ear5a_a_4","其他地址4（省）"
"ear5c_a_4_code","其他地址4（县/市）"
"ear601_a_25","在其他地址D居住的其他时段1"
"ear6sy_a_25","其他地址D第1段居住起始时间（年）"
"ear6sm_a_25","其他地址D第1段居住起始时间（月）"
"ear6fy_a_25","其他地址D第1段居住结束时间（年）"
"ear6fm_a_25","其他地址D第1段居住结束时间（月）"
"ear6fc_a_25","其他地址D第1段居住是否持续到当前"
"ear601_a_26","在其他地址D居住的其他时段2"
"ear6sy_a_26","其他地址D第2段居住起始时间（年）"
"ear6sm_a_26","其他地址D第2段居住起始时间（月）"
"ear6fy_a_26","其他地址D第2段居住结束时间（年）"
"ear6fm_a_26","其他地址D第2段居住结束时间（月）"
"ear6fc_a_26","其他地址D第2段居住是否持续到当前"
"ear5a_a_5","其他地址5（省）"
"ear5c_a_5_code","其他地址5（县/市）"
"ear601_a_33","在其他地址E居住的其他时段1"
"ear6sy_a_33","其他地址E第1段居住起始时间（年）"
"ear6sm_a_33","其他地址E第1段居住起始时间（月）"
"ear6fy_a_33","其他地址E第1段居住结束时间（年）"
"ear6fm_a_33","其他地址E第1段居住结束时间（月）"
"ear6fc_a_33","其他地址E第1段居住是否持续到当前"
"ear601_a_34","在其他地址E居住的其他时段2"
"ear6sy_a_34","其他地址E第2段居住起始时间（年）"
"ear6sm_a_34","其他地址E第2段居住起始时间（月）"
"ear6fy_a_34","其他地址E第2段居住结束时间（年）"
"ear6fm_a_34","其他地址E第2段居住结束时间（月）"
"ear6fc_a_34","其他地址E第2段居住是否持续到当前"
"ear5a_a_6","其他地址6（省）"
"ear5c_a_6_code","其他地址6（县/市）"
"ear601_a_41","在其他地址F居住的其他时段1"
"ear6sy_a_41","其他地址F第1段居住起始时间（年）"
"ear6sm_a_41","其他地址F第1段居住起始时间（月）"
"ear6fy_a_41","其他地址F第1段居住结束时间（年）"
"ear6fm_a_41","其他地址F第1段居住结束时间（月）"
"ear6fc_a_41","其他地址F第1段居住是否持续到当前"
"ear106_a_1","2018居住地址其他居住时段1"
"ear106_1sy_a_1","2018居住地址第1段居住起始时间（年）"
"ear106_1sm_a_1","2018居住地址第1段居住起始时间（月）"
"ear106_1fy_a_1","2018居住地址第1段居住结束时间（年）"
"ear106_1fm_a_1","2018居住地址第1段居住结束时间（月）"
"ear106_1fc_a_1","2018居住地址第1段居住是否持续到当前"
"ear106_a_2","2018居住地址其他居住时段2"
"ear106_1sy_a_2","2018居住地址第2段居住起始时间（年）"
"ear106_1sm_a_2","2018居住地址第2段居住起始时间（月）"
"ear106_1fy_a_2","2018居住地址第2段居住结束时间（年）"
"ear106_1fm_a_2","2018居住地址第2段居住结束时间（月）"
"ear106_1fc_a_2","2018居住地址第2段居住是否持续到当前"
"ear106_a_3","2018居住地址其他居住时段3"
"ear106_1sy_a_3","2018居住地址第3段居住起始时间（年）"
"ear106_1sm_a_3","2018居住地址第3段居住起始时间（月）"
"ear106_1fy_a_3","2018居住地址第3段居住结束时间（年）"
"ear106_1fm_a_3","2018居住地址第3段居住结束时间（月）"
"ear106_1fc_a_3","2018居住地址第3段居住是否持续到当前"
"ear106_a_4","2018居住地址其他居住时段4"
"ear106_1sy_a_4","2018居住地址第4段居住起始时间（年）"
"ear106_1sm_a_4","2018居住地址第4段居住起始时间（月）"
"ear106_1fy_a_4","2018居住地址第4段居住结束时间（年）"
"ear106_1fm_a_4","2018居住地址第4段居住结束时间（月）"
"ear106_1fc_a_4","2018居住地址第4段居住是否持续到当前"
"ear106_a_5","2018居住地址其他居住时段5"
"ear106_1sy_a_5","2018居住地址第5段居住起始时间（年）"
"ear106_1sm_a_5","2018居住地址第5段居住起始时间（月）"
"ear106_1fy_a_5","2018居住地址第5段居住结束时间（年）"
"ear106_1fm_a_5","2018居住地址第5段居住结束时间（月）"
"ear106_1fc_a_5","2018居住地址第5段居住是否持续到当前"
"ear106_a_6","2018居住地址其他居住时段6"
"ear106_1sy_a_6","2018居住地址第6段居住起始时间（年）"
"ear106_1sm_a_6","2018居住地址第6段居住起始时间（月）"
"ear106_1fy_a_6","2018居住地址第6段居住结束时间（年）"
"ear106_1fm_a_6","2018居住地址第6段居住结束时间（月）"
"ear106_1fc_a_6","2018居住地址第6段居住是否持续到当前"
"ear106_a_7","2018居住地址其他居住时段7"
"ear106_1sy_a_7","2018居住地址第7段居住起始时间（年）"
"ear106_1sm_a_7","2018居住地址第7段居住起始时间（月）"
"ear106_1fy_a_7","2018居住地址第7段居住结束时间（年）"
"ear106_1fm_a_7","2018居住地址第7段居住结束时间（月）"
"ear106_1fc_a_7","2018居住地址第7段居住是否持续到当前"
"ear106_a_8","2018居住地址其他居住时段8"
"ear106_1sy_a_8","2018居住地址第8段居住起始时间（年）"
"ear106_1sm_a_8","2018居住地址第8段居住起始时间（月）"
"ear106_1fy_a_8","2018居住地址第8段居住结束时间（年）"
"ear106_1fm_a_8","2018居住地址第8段居住结束时间（月）"
"ear106_1fc_a_8","2018居住地址第8段居住是否持续到当前"
"ear3_a_1","当前主要居住地址其他居住时段1"
"ear3_1sy_a_1","当前主要居住地址第1段居住起始时间（年）"
"ear3_1sm_a_1","当前主要居住地址第1段居住起始时间（月）"
"ear3_1fy_a_1","当前主要居住地址第1段居住结束时间（年）"
"ear3_1fm_a_1","当前主要居住地址第1段居住结束时间（月）"
"ear3_1fc_a_1","当前主要居住地址第1段居住是否持续到当前"
"ear3_a_2","当前主要居住地址其他居住时段2"
"ear3_1sy_a_2","当前主要居住地址第2段居住起始时间（年）"
"ear3_1sm_a_2","当前主要居住地址第2段居住起始时间（月）"
"ear3_1fy_a_2","当前主要居住地址第2段居住结束时间（年）"
"ear3_1fm_a_2","当前主要居住地址第2段居住结束时间（月）"
"ear3_1fc_a_2","当前主要居住地址第2段居住是否持续到当前"
"ear3_a_3","当前主要居住地址其他居住时段3"
"ear3_1sy_a_3","当前主要居住地址第3段居住起始时间（年）"
"ear3_1sm_a_3","当前主要居住地址第3段居住起始时间（月）"
"ear3_1fy_a_3","当前主要居住地址第3段居住结束时间（年）"
"ear3_1fm_a_3","当前主要居住地址第3段居住结束时间（月）"
"ear3_1fc_a_3","当前主要居住地址第3段居住是否持续到当前"
"ear3_a_4","当前主要居住地址其他居住时段4"
"ear3_1sy_a_4","当前主要居住地址第4段居住起始时间（年）"
"ear3_1sm_a_4","当前主要居住地址第4段居住起始时间（月）"
"ear3_1fy_a_4","当前主要居住地址第4段居住结束时间（年）"
"ear3_1fm_a_4","当前主要居住地址第4段居住结束时间（月）"
"ear3_1fc_a_4","当前主要居住地址第4段居住是否持续到当前"
"ear3_a_5","当前主要居住地址其他居住时段5"
"ear3_1sy_a_5","当前主要居住地址第5段居住起始时间（年）"
"ear3_1sm_a_5","当前主要居住地址第5段居住起始时间（月）"
"ear3_1fy_a_5","当前主要居住地址第5段居住结束时间（年）"
"ear3_1fm_a_5","当前主要居住地址第5段居住结束时间（月）"
"ear3_1fc_a_5","当前主要居住地址第5段居住是否持续到当前"
"ear3_a_6","当前主要居住地址其他居住时段6"
"ear3_1sy_a_6","当前主要居住地址第6段居住起始时间（年）"
"ear3_1sm_a_6","当前主要居住地址第6段居住起始时间（月）"
"ear3_1fy_a_6","当前主要居住地址第6段居住结束时间（年）"
"ear3_1fm_a_6","当前主要居住地址第6段居住结束时间（月）"
"ear3_1fc_a_6","当前主要居住地址第6段居住是否持续到当前"
"ear3_a_7","当前主要居住地址其他居住时段7"
"ear3_1sy_a_7","当前主要居住地址第7段居住起始时间（年）"
"ear3_1sm_a_7","当前主要居住地址第7段居住起始时间（月）"
"ear3_1fy_a_7","当前主要居住地址第7段居住结束时间（年）"
"ear3_1fm_a_7","当前主要居住地址第7段居住结束时间（月）"
"ear3_1fc_a_7","当前主要居住地址第7段居住是否持续到当前"
"ear3_a_8","当前主要居住地址其他居住时段8"
"ear3_1sy_a_8","当前主要居住地址第8段居住起始时间（年）"
"ear3_1sm_a_8","当前主要居住地址第8段居住起始时间（月）"
"ear3_1fy_a_8","当前主要居住地址第8段居住结束时间（年）"
"ear3_1fm_a_8","当前主要居住地址第8段居住结束时间（月）"
"ear3_1fc_a_8","当前主要居住地址第8段居住是否持续到当前"
"ear7a_a_1","居住地址1（省）"
"ear7c_a_1_code","居住地址1（县/市）"
"ear7sesy_a_1","开始年1"
"ear7sesm_a_1","开始月1"
"ear7sefy_a_1","结束年1"
"ear7sefm_a_1","结束月1"
"ear7sefc_a_1","是否持续到当前1"
"ear7my_a_1","中间年1"
"ear7mm_a_1","中间月1"
"ear7a_a_2","居住地址2（省）"
"ear7c_a_2_code","居住地址2（县/市）"
"ear7sesy_a_2","开始年2"
"ear7sesm_a_2","开始月2"
"ear7sefy_a_2","结束年2"
"ear7sefm_a_2","结束月2"
"ear7sefc_a_2","是否持续到当前2"
"ear7my_a_2","中间年2"
"ear7mm_a_2","中间月2"
"ear7a_a_3","居住地址3（省）"
"ear7c_a_3_code","居住地址3（县/市）"
"ear7sesy_a_3","开始年3"
"ear7sesm_a_3","开始月3"
"ear7sefy_a_3","结束年3"
"ear7sefm_a_3","结束月3"
"ear7sefc_a_3","是否持续到当前3"
"ear7my_a_3","中间年3"
"ear7mm_a_3","中间月3"
"qga101","实习兼职经历"
"qga2","过去12个月实习/兼职税后报酬"
"qga301","实习时长（月）"
"qga302","实习每周工作时间(小时/周)"
"qga1","全职工作经历"
"qgb1","过去一周工作状态"
"qgb2","放假或培训"
"qgb201","返回工作岗位"
"qgb3","生意淡季"
"qgb4","从事农业工作"
"qgb5","是否找工作"
"qgb501","两周内开始工作"
"qgb6","没有工作原因"
"employ","当前工作状态"
"egc2012y_a_1","您什么时候开始从事一般工作1（年）"
"egc2012m_a_1","您什么时候开始从事一般工作1（月）"
"egc2013y_a_1","您什么时候结束一般工作1（年）"
"egc2013m_a_1","您什么时候结束一般工作1（月）"
"egc2013c_a_1","一般工作1是否持续到当前"
"egc202_a_1","一般工作1是为自己/自家干活还是受雇于他人/他家/组织/单位/公司"
"egc2021_a_1","一般工作1是农业工作还是非农工作"
"egc203_a_1","一般工作1的单位/雇主性质"
"egc2031_a_1","一般工作1的雇主是否为个体工商户"
"egc204_a_1","过去12个月，一般工作1每周工作多少个小时"
"egc205_a_1","过去12个月，一般工作1的税后月收入"
"gc2051_min_a_1","税后月收入区间最低值"
"gc2051_max_a_1","税后月收入区间最高值"
"mincomea_a_1","一般工作1的税后月收入"
"yincomea_a_1","一般工作1的税后年收入"
"jobclass_base_a_1","一般工作1的类型（base）"
"jobclass_a_1","一般工作1的工作类型"
"lastyjob_comm_a_1","一般工作1是否延续到最近一年"
"egc2012y_a_2","您什么时候开始从事一般工作2（年）"
"egc2012m_a_2","您什么时候开始从事一般工作2（月）"
"egc2013y_a_2","您什么时候结束一般工作2（年）"
"egc2013m_a_2","您什么时候结束一般工作2（月）"
"egc2013c_a_2","一般工作2是否持续到当前"
"egc202_a_2","一般工作2是为自己/自家干活还是受雇于他人/他家/组织/单位/公司"
"egc2021_a_2","一般工作2是农业工作还是非农工作"
"egc203_a_2","一般工作2的单位/雇主性质"
"egc2031_a_2","一般工作2的雇主是否为个体工商户"
"egc204_a_2","过去12个月，一般工作2每周工作多少个小时"
"egc205_a_2","过去12个月，一般工作2的税后月收入"
"gc2051_min_a_2","税后月收入区间最低值"
"gc2051_max_a_2","税后月收入区间最高值"
"mincomea_a_2","一般工作2的税后月收入"
"yincomea_a_2","一般工作2的税后年收入"
"jobclass_base_a_2","一般工作2的类型（base）"
"jobclass_a_2","一般工作2的工作类型"
"lastyjob_comm_a_2","一般工作2是否延续到最近一年"
"egc2012y_a_3","您什么时候开始从事一般工作3（年）"
"egc2012m_a_3","您什么时候开始从事一般工作3（月）"
"egc2013y_a_3","您什么时候结束一般工作3（年）"
"egc2013m_a_3","您什么时候结束一般工作3（月）"
"egc2013c_a_3","一般工作3是否持续到当前"
"egc202_a_3","一般工作3是为自己/自家干活还是受雇于他人/他家/组织/单位/公司"
"egc2021_a_3","一般工作3是农业工作还是非农工作"
"egc203_a_3","一般工作3的单位/雇主性质"
"egc2031_a_3","一般工作3的雇主是否为个体工商户"
"egc204_a_3","过去12个月，一般工作3每周工作多少个小时"
"egc205_a_3","过去12个月，一般工作3的税后月收入"
"mincomea_a_3","一般工作3的税后月收入"
"yincomea_a_3","一般工作3的税后年收入"
"jobclass_base_a_3","一般工作3的类型（base）"
"jobclass_a_3","一般工作3的工作类型"
"lastyjob_comm_a_3","一般工作3是否延续到最近一年"
"egc2012y_a_4","您什么时候开始从事一般工作4（年）"
"egc2012m_a_4","您什么时候开始从事一般工作4（月）"
"egc2013y_a_4","您什么时候结束一般工作4（年）"
"egc2013m_a_4","您什么时候结束一般工作4（月）"
"egc2013c_a_4","一般工作4是否持续到当前"
"egc202_a_4","一般工作4是为自己/自家干活还是受雇于他人/他家/组织/单位/公司"
"egc2021_a_4","一般工作4是农业工作还是非农工作"
"egc203_a_4","一般工作4的单位/雇主性质"
"egc2031_a_4","一般工作4的雇主是否为个体工商户"
"egc204_a_4","过去12个月，一般工作4每周工作多少个小时"
"egc205_a_4","过去12个月，一般工作4的税后月收入"
"mincomea_a_4","一般工作4的税后月收入"
"yincomea_a_4","一般工作4的税后年收入"
"jobclass_base_a_4","一般工作4的类型（base）"
"jobclass_a_4","一般工作4的工作类型"
"lastyjob_comm_a_4","一般工作4是否延续到最近一年"
"egc2012y_a_5","您什么时候开始从事一般工作5（年）"
"egc2012m_a_5","您什么时候开始从事一般工作5（月）"
"egc2013y_a_5","您什么时候结束一般工作5（年）"
"egc2013m_a_5","您什么时候结束一般工作5（月）"
"egc2013c_a_5","一般工作5是否持续到当前"
"egc202_a_5","一般工作5是为自己/自家干活还是受雇于他人/他家/组织/单位/公司"
"egc2021_a_5","一般工作5是农业工作还是非农工作"
"egc203_a_5","一般工作5的单位/雇主性质"
"egc2031_a_5","一般工作5的雇主是否为个体工商户"
"egc204_a_5","过去12个月，一般工作5每周工作多少个小时"
"egc205_a_5","过去12个月，一般工作5的税后月收入"
"mincomea_a_5","一般工作5的税后月收入"
"yincomea_a_5","一般工作5的税后年收入"
"jobclass_base_a_5","一般工作5的类型（base）"
"jobclass_a_5","一般工作5的工作类型"
"lastyjob_comm_a_5","一般工作5是否延续到最近一年"
"egc2012y_a_6","您什么时候开始从事一般工作6（年）"
"egc2012m_a_6","您什么时候开始从事一般工作6（月）"
"egc2013y_a_6","您什么时候结束一般工作6（年）"
"egc2013m_a_6","您什么时候结束一般工作6（月）"
"egc2013c_a_6","一般工作6是否持续到当前"
"egc202_a_6","一般工作6是为自己/自家干活还是受雇于他人/他家/组织/单位/公司"
"egc2021_a_6","一般工作6是农业工作还是非农工作"
"egc203_a_6","一般工作6的单位/雇主性质"
"egc2031_a_6","一般工作6的雇主是否为个体工商户"
"egc204_a_6","过去12个月，一般工作6每周工作多少个小时"
"egc205_a_6","过去12个月，一般工作6的税后月收入"
"mincomea_a_6","一般工作6的税后月收入"
"yincomea_a_6","一般工作6的税后年收入"
"jobclass_base_a_6","一般工作6的类型（base）"
"jobclass_a_6","一般工作6的工作类型"
"lastyjob_comm_a_6","一般工作6是否延续到最近一年"
"egc2012y_a_7","您什么时候开始从事一般工作7（年）"
"egc2012m_a_7","您什么时候开始从事一般工作7（月）"
"egc2013y_a_7","您什么时候结束一般工作7（年）"
"egc2013m_a_7","您什么时候结束一般工作7（月）"
"egc2013c_a_7","一般工作7是否持续到当前"
"egc202_a_7","一般工作7是为自己/自家干活还是受雇于他人/他家/组织/单位/公司"
"egc2021_a_7","一般工作7是农业工作还是非农工作"
"egc203_a_7","一般工作7的单位/雇主性质"
"egc204_a_7","过去12个月，一般工作7每周工作多少个小时"
"egc205_a_7","过去12个月，一般工作7的税后月收入"
"mincomea_a_7","一般工作7的税后月收入"
"yincomea_a_7","一般工作7的税后年收入"
"jobclass_base_a_7","一般工作7的类型（base）"
"jobclass_a_7","一般工作7的工作类型"
"lastyjob_comm_a_7","一般工作7是否延续到最近一年"
"egc101","2018工作确认"
"egc104y","工作结束时间（年）"
"egc104m","工作结束时间（月）"
"egc104c","是否持续到当前"
"egc103","当前最主要工作/最近结束的工作确认"
"egc105","从上次调查/2018年1月1日至今，您是否有过工作"
"egc1052y","从上次调查/2018年1月1日至今，新产生的主要工作/最近一份工作的开始时间（年）"
"egc1052m","从上次调查/2018年1月1日至今，新产生的主要工作/最近一份工作的开始时间（月）"
"egc1053y","从上次调查/2018年1月1日至今，新产生的主要工作/最近一份工作的最早一次的间断时间（"
"egc1053m","从上次调查/2018年1月1日至今，新产生的主要工作/最近一份工作的最早一次的间断时间（"
"egc1053c","从上次调查/2018年1月1日至今，新产生的主要工作/最近一份工作，是否持续到当前"
"egc201","其他一般工作的数量"
"egc202_b_1","2018主要工作（若不再是2020主要工作，则变成2020一般工作）是为自己干活还是受雇于他"
"egc2021_b_1","2018主要工作（若不再是2020主要工作，则变成2020一般工作）是农业工作还是非农工作"
"egc203_b_1","2018主要工作（若不再是2020主要工作，则变成2020一般工作）的工作单位/雇主性质"
"egc2031_b_1","2018主要工作（若不再是2020主要工作，则变成2020一般工作）的雇主是否为个体工商户"
"egc204_b_1","过去12个月，2018主要工作（若不再是2020主要工作，则变成2020一般工作）每周工作多少"
"egc205_b_1","过去12个月，2018主要工作（若不再是2020主要工作，则变成2020一般工作）的税后月收入"
"lastyjob_last","CFPS2018主要工作是否延续到最近一年"
"lastyjob_cur","CFPS2018之后产生的最近一份工作是否延续到最近一年"
"jobstartn","EHC回忆时段内开始新工作份数"
"jobclass_base_2018","2018主要工作（若不再是2020主要工作，则变成2020一般工作）的工作类型（base）"
"jobclass_2018","2018主要工作（若不再是2020主要工作，则变成2020一般工作）的工作类型"
"mincomea_b_1","2018主要工作（若不再是2020主要工作，则变成2020一般工作）的税后月收入"
"yincomea_b_1","2018主要工作（若不再是2020主要工作，则变成2020一般工作）的税后年收入"
"qgd01","全职工作经历"
"qgd0","这是您人生的第一份工作吗"
"kgd1a","第一份工作是否受雇"
"kgd2a_s_1","所有求职渠道"
"kgd2a_s_2","所有求职渠道"
"kgd2a_s_3","所有求职渠道"
"kgd2a_a_1","求职渠道：是否自己直接与用人单位联系"
"kgd2a_a_2","求职渠道：是否职业介绍机构、招聘广告、自己登求职广告，或参加人才交流会/招聘会"
"kgd2a_a_3","求职渠道：是否国家分配/组织调动"
"kgd2a_a_4","求职渠道：是否亲属、朋友或熟人介绍"
"kgd2a_a_5","求职渠道：是否学校就业指导机构，或学校推荐"
"kgd2a_a_77","求职渠道：是否选择其他"
"kgd101","获得工作主要渠道"
"kgd2","胜任工作的教育程度"
"qg1","当前最主要工作/最近结束的工作的工作所有者"
"qg101","当前最主要工作/最近结束的工作的工作性质"
"jobclass_base","当前最主要工作/最近结束的工作类型（base）"
"jobclass","当前最主要工作/最近结束的工作类型"
"qg2","雇主性质"
"qg201","雇主是个体工商户"
"qg2032","是否有编制"
"qg301","工作地点"
"qg301a_code","工作地点(省)"
"qg301c_code","工作地点(县/市)"
"qg3011","上下班单程时间(分钟)"
"qg303code_g","当前最主要工作/最近结束的工作职业编码（大类）"
"qg401","工作收入满意度"
"qg402","工作安全满意度"
"qg403","工作环境满意度"
"qg404","工作时间满意度"
"qg405","工作晋升满意度"
"qg406","工作满意度"
"qg5","是否签订合同"
"qg501","是否约定合同期限"
"qg502","与谁签合同"
"qg6","每周工作时间(小时/周)"
"qg601","上夜班频率"
"qg602","周末上班频率"
"qg603","是否随时到岗"
"qg604","上下班时间弹性"
"qg7_s_1","现金福利"
"qg7_s_2","现金福利"
"qg7_s_3","现金福利"
"qg7_s_4","现金福利"
"qg7_s_5","现金福利"
"qg7_a_1","现金福利：是否提供交通费补贴"
"qg7_a_2","现金福利：是否提供餐费补贴"
"qg7_a_3","现金福利：是否提供住房补贴"
"qg7_a_4","现金福利：是否提供过节费"
"qg7_a_77","现金福利：是否提供其他"
"qg7_a_78","现金福利：是否以上都没有"
"qg701_a_1","每月福利金额（元）-交通费补贴"
"qg701_a_2","每月福利金额（元）-餐费补贴"
"qg701_a_3","每月福利金额（元）-住房补贴"
"qg701_a_5","每月福利金额（元）-其他"
"qg702","12个月福利金额(元/年)"
"qg8_s_1","实物福利"
"qg8_s_2","实物福利"
"qg8_s_3","实物福利"
"qg8_s_4","实物福利"
"qg8_a_1","实物福利：是否提供免费早/中/晚餐"
"qg8_a_2","实物福利：是否提供免费住宿"
"qg8_a_3","实物福利：是否提供单位配车/班"
"qg8_a_4","实物福利：是否提供购物卡/购物券"
"qg8_a_77","实物福利：是否提供其他"
"qg8_a_78","实物福利：是否以上都没有"
"qg801_a_1","每月实物福利（元）-免费早/中/晚餐"
"qg801_a_2","每月福利金额（元）-免费住宿"
"qg801_a_3","每月福利金额（元）-单位配车/班车"
"qg801_a_4","每月福利金额（元）-购物卡/购物券"
"qg801_a_5","每月福利金额（元）-其他"
"qg9_s_1","工作保障"
"qg9_s_2","工作保障"
"qg9_s_3","工作保障"
"qg9_s_4","工作保障"
"qg9_s_5","工作保障"
"qg9_a_1","工作保障：是否提供养老保险"
"qg9_a_2","工作保障：是否提供医疗保险"
"qg9_a_3","工作保障：是否提供失业保险"
"qg9_a_4","工作保障：是否提供工伤保险"
"qg9_a_5","工作保障：是否提供生育保险"
"qg9_a_78","工作保障：是否以上都没有"
"qg901","每月个人缴费额(元)"
"qg10","是否提供住房公积金"
"qg1001","公积金缴纳数额(元/月)"
"qg11","每月税后工资(元/月)"
"qg1101","税后年终奖(元/年)"
"qg1102","税后奖金(元/月)"
"qg12","工作总收入(元/年)"
"qg1201_min","工作总收入区间最低值"
"qg1201_max","工作总收入区间最高值"
"incomea","过去12个月所有一般工作的税后工资性收入"
"incomeb","过去12个月主要工作税后工资性收入"
"income","过去12个月所有工作（主要工作+一般工作）的税后工资性收入"
"kg13a_s_1","所有求职渠道"
"kg13a_s_2","所有求职渠道"
"kg13a_s_3","所有求职渠道"
"kg13a_s_4","所有求职渠道"
"kg13a_a_1","求职渠道：是否自己直接与用人单位联系"
"kg13a_a_2","求职渠道：是否职业介绍机构、招聘广告、自己登求职广告，或参加人才交流会/招聘会"
"kg13a_a_3","求职渠道：是否国家分配/组织调动"
"kg13a_a_4","求职渠道：是否亲属、朋友或熟人介绍"
"kg13a_a_5","求职渠道：是否学校就业指导机构，或学校推荐"
"kg13a_a_77","求职渠道：是否选择其他"
"kg1301","获得工作主要渠道"
"kg1302","胜任工作的教育程度"
"qg1303","是否获得他人帮助"
"qg1304","帮助大小"
"qg1305","与帮助者关系"
"qg14","行政管理职务"
"qg1401code","QG1401行政管理职务编码"
"qg15","工作晋级"
"qg1501","希望晋级内容"
"qg16","工作单位规模(人)"
"qg17","有直接下属"
"qg1701","管理人员规模(人)"
"qg18","使用外语"
"qg19","使用计算机"
"qg20","工作场所"
"qg22","生意的主要资金来源"
"qg1202","工作总收入校验"
"qg1203","非经营税后总收入(元/年)"
"qg1204_min","非经营税后总收入区间最低值（工作总收入校验值）"
"qg1204_max","非经营税后总收入区间最高值（工作总收入校验值）"
"kg23","离职原因"
"qi101","是否办理退休手续"
"qi1011","是否办理养老金领取手续"
"qi102y","办理手续年份（年）"
"qi102m","办理手续月份（月）"
"qi200","是否有领取离退休金"
"qi2001","是否有领取养老保险"
"qi202","税后领退休金数额(元/月)"
"qi203_max","税后领退休金区间上限"
"qi203_min","税后领退休金区间下限"
"qi301_s_1","参保项目"
"qi301_s_2","参保项目"
"qi301_s_3","参保项目"
"qi301_s_4","参保项目"
"qi301_s_5","参保项目"
"qi301_s_6","参保项目"
"qi301_s_7","参保项目"
"qi301_a_1","参保项目：是否离退休后从所在机关或事业单位领取离退休金"
"qi301_a_2","参保项目：是否参保基本养老保险"
"qi301_a_3","参保项目：是否参保企业补充养老保险"
"qi301_a_4","参保项目：是否参保商业养老保险"
"qi301_a_5","参保项目：是否参保农村养老保险（老农保）"
"qi301_a_6","参保项目：是否参保新型农村社会养老保险（新农保）"
"qi301_a_7","参保项目：是否参保城镇居民养老保险"
"qi301_a_77","参保项目：是否参保其他"
"qi301_a_78","参保项目：是否以上都没有"
"xchildpid_a_1","受访者子女1（F模块）"
"qf1_a_1","同子女1关系如何"
"qf201_a_1","是否向子女1提供经济帮助"
"qf202_a_1","向子女1提供经济帮助的额度（元）"
"qf203_a_1","是否帮子女1料理家务看孩子"
"qf204_a_1","帮子女1料理家务看孩子的频率"
"qf301_a_1","子女1是否向你提供经济帮助"
"qf302_a_1","子女1向你提供经济帮助的额度（元）"
"qf303_a_1","子女1是否帮你料理家务或照顾你的饮食起居"
"qf304_a_1","子女1帮你料理家务或照顾你的饮食起居的频率"
"qf305_a_1","与子女1见面频率"
"qf306_a_1","与子女1联系频率"
"xchildpid_a_2","受访者子女2（F模块）"
"qf1_a_2","同子女2关系如何"
"qf201_a_2","是否向子女2提供经济帮助"
"qf202_a_2","向子女2提供经济帮助的额度（元）"
"qf203_a_2","是否帮子女2料理家务看孩子"
"qf204_a_2","帮子女2料理家务看孩子的频率"
"qf301_a_2","子女2是否向你提供经济帮助"
"qf302_a_2","子女2向你提供经济帮助的额度（元）"
"qf303_a_2","子女2是否帮你料理家务或照顾你的饮食起居"
"qf304_a_2","子女2帮你料理家务或照顾你的饮食起居的频率"
"qf305_a_2","与子女2见面频率"
"qf306_a_2","与子女2联系频率"
"xchildpid_a_3","受访者子女3（F模块）"
"qf1_a_3","同子女3关系如何"
"qf201_a_3","是否向子女3提供经济帮助"
"qf202_a_3","向子女3提供经济帮助的额度（元）"
"qf203_a_3","是否帮子女3料理家务看孩子"
"qf204_a_3","帮子女3料理家务看孩子的频率"
"qf301_a_3","子女3是否向你提供经济帮助"
"qf302_a_3","子女3向你提供经济帮助的额度（元）"
"qf303_a_3","子女3是否帮你料理家务或照顾你的饮食起居"
"qf304_a_3","子女3帮你料理家务或照顾你的饮食起居的频率"
"qf305_a_3","与子女3见面频率"
"qf306_a_3","与子女3联系频率"
"xchildpid_a_4","受访者子女4（F模块）"
"qf1_a_4","同子女4关系如何"
"qf201_a_4","是否向子女4提供经济帮助"
"qf202_a_4","向子女4提供经济帮助的额度（元）"
"qf203_a_4","是否帮子女4料理家务看孩子"
"qf204_a_4","帮子女4料理家务看孩子的频率"
"qf301_a_4","子女4是否向你提供经济帮助"
"qf302_a_4","子女4向你提供经济帮助的额度（元）"
"qf303_a_4","子女4是否帮你料理家务或照顾你的饮食起居"
"qf304_a_4","子女4帮你料理家务或照顾你的饮食起居的频率"
"qf305_a_4","与子女4见面频率"
"qf306_a_4","与子女4联系频率"
"xchildpid_a_5","受访者子女5（F模块）"
"qf1_a_5","同子女5关系如何"
"qf201_a_5","是否向子女5提供经济帮助"
"qf202_a_5","向子女5提供经济帮助的额度（元）"
"qf203_a_5","是否帮子女5料理家务看孩子"
"qf204_a_5","帮子女5料理家务看孩子的频率"
"qf301_a_5","子女5是否向你提供经济帮助"
"qf302_a_5","子女5向你提供经济帮助的额度（元）"
"qf303_a_5","子女5是否帮你料理家务或照顾你的饮食起居"
"qf304_a_5","子女5帮你料理家务或照顾你的饮食起居的频率"
"qf305_a_5","与子女5见面频率"
"qf306_a_5","与子女5联系频率"
"xchildpid_a_6","受访者子女6（F模块）"
"qf1_a_6","同子女6关系如何"
"qf201_a_6","是否向子女6提供经济帮助"
"qf202_a_6","向子女6提供经济帮助的额度（元）"
"qf203_a_6","是否帮子女6料理家务看孩子"
"qf301_a_6","子女6是否向你提供经济帮助"
"qf302_a_6","子女6向你提供经济帮助的额度（元）"
"qf303_a_6","子女6是否帮你料理家务或照顾你的饮食起居"
"qf304_a_6","子女6帮你料理家务或照顾你的饮食起居的频率"
"qf305_a_6","与子女6见面频率"
"qf306_a_6","与子女6联系频率"
"xchildpid_a_7","受访者子女7（F模块）"
"qf1_a_7","同子女7关系如何"
"qf201_a_7","是否向子女7提供经济帮助"
"qf203_a_7","是否帮子女7料理家务看孩子"
"qf301_a_7","子女7是否向你提供经济帮助"
"qf302_a_7","子女7向你提供经济帮助的额度（元）"
"qf303_a_7","子女7是否帮你料理家务或照顾你的饮食起居"
"qf304_a_7","子女7帮你料理家务或照顾你的饮食起居的频率"
"qf305_a_7","与子女7见面频率"
"qf306_a_7","与子女7联系频率"
"xchildpid_a_8","受访者子女8（F模块）"
"qf1_a_8","同子女8关系如何"
"qf201_a_8","是否向子女8提供经济帮助"
"qf203_a_8","是否帮子女8料理家务看孩子"
"qf301_a_8","子女8是否向你提供经济帮助"
"qf302_a_8","子女8向你提供经济帮助的额度（元）"
"qf303_a_8","子女8是否帮你料理家务或照顾你的饮食起居"
"qf305_a_8","与子女8见面频率"
"qf306_a_8","与子女8联系频率"
"qf5_a_1","与父亲关系如何"
"qf601_a_1","是否向父亲提供经济帮助"
"qf602_a_1","向父亲提供经济帮助的额度"
"qf603_a_1","是否料理家务或照顾父亲"
"qf604_a_1","料理家务或照顾父亲的频率"
"qf701_a_1","父亲是否提供经济帮助"
"qf702_a_1","父亲提供经济帮助数额（元）"
"qf703_a_1","父亲是否帮你料理家务"
"qf704_a_1","父亲帮你料理家务的频率"
"qf705_a_1","与父亲见面频率"
"qf706_a_1","与父亲联系频率"
"qf5_a_2","与母亲关系如何"
"qf601_a_2","是否向母亲提供经济帮助"
"qf602_a_2","向母亲提供经济帮助的额度"
"qf603_a_2","是否料理家务或照顾母亲"
"qf604_a_2","料理家务或照顾母亲的频率"
"qf701_a_2","母亲是否提供经济帮助"
"qf702_a_2","母亲提供经济帮助数额（元）"
"qf703_a_2","母亲是否帮你料理家务"
"qf704_a_2","目前帮你料理家务的频率"
"qf705_a_2","与母亲见面频率"
"qf706_a_2","与母亲联系频率"
"qk5","向谁诉说烦恼"
"qk6","你和谁在一起"
"qk7m","你有零花钱吗"
"qk701m","每月零花钱数（元/月）"
"qk702","零花钱最主要的来源"
"qk703","自觉零花钱合适数(元/月)"
"wl6","是否乘坐过火车"
"wl7","是否乘坐过飞机"
"qu201","是否移动上网"
"qu202","是否电脑上网"
"qu201a","移动设备上网时长（分钟）"
"qu202a","电脑上网时长（分钟）"
"qu91","是否玩网络游戏"
"qu911","是否每天玩网络游戏"
"qu92","是否网上购物"
"qu921","是否每天网上购物"
"qu93","是否看短视频"
"qu931","是否每天看短视频"
"qu94","是否网络学习"
"qu941","是否每天网络学习"
"qu11","是否使用微信"
"qu111","朋友圈分享频率"
"qu951","网络对工作重要性"
"qu952","网络对休闲娱乐重要性"
"qu953","网络对与家人和朋友保持联系重要性"
"qu954","网络对学习重要性"
"qu955","网络对日常生活重要性"
"qu801","电视作为信息渠道的重要程度"
"qu802","互联网作为信息渠道的重要程度"
"qu803","报纸、期刊杂志作为信息渠道的重要程度"
"qu804","广播作为信息渠道的重要程度"
"qu805","手机短信作为信息渠道的重要程度"
"qu806","他人转告作为信息渠道的重要程度"
"qm2011","人缘关系有多好(分)"
"qm2016","有多幸福(分)"
"qm6","大部分人乐于助人还是自私"
"qn1001","喜欢信任还是怀疑别人"
"qn10021","对父母的信任度"
"qn10022","对邻居的信任度"
"qn10023","对美国人的信任度"
"qn10024","对陌生人的信任度"
"qn10025","对本地政府官员的信任度"
"qn10026","对医生的信任度"
"wv102","公平竞争才有和谐人际"
"wv103","财富反映个人成就"
"wv104","努力工作能有回报"
"wv105","聪明才干能得回报"
"wv106","成大事难免腐败"
"wv107","有关系比有能力重要"
"wv108","提高生活水平机会很大"
"wv101","经济繁荣要拉大收入差距"
"qm501a","男女社会压力比较"
"qm991","照料投入"
"qm992","父母陪伴"
"qm1101","男女分工"
"qm1102","女人婚姻"
"qm1103","女人子女"
"qm1104","男人家务"
"qn12012","对自己生活满意度"
"qn12016","对自己未来信心程度"
"qn8011","您的收入在本地"
"qn8012","您的地位"
"qm20","领袖气质"
"qm3011","家庭社会地位（分）"
"qm3012","家庭经济条件（分）"
"qm3013","孩子的受教育程度（分）"
"qm3014","孩子的天赋（分）"
"qm3015","孩子的努力程度（分）"
"qm3016","孩子的运气（分）"
"qm3017","家里有关系（分）"
"qme201","为了年老时有人帮助"
"qme202","为了延续家族香火"
"qme203","为从经济上帮助家庭"
"qme204","为看孩子长大的喜悦"
"qme205","为子女在身边的快乐"
"qme206","为感受有宝宝的喜悦"
"qme207","为使家庭更重要"
"qme208","为增强责任心"
"qme209","为增加亲属联系"
"qn201_b_1","通过电视了解政治(天/周)"
"qn202","通过网络了解政治(天/周)"
"qn203","通过过网站发表政治言论"
"qn4001","是否是党员"
"qn402","入党时间（年）"
"qn4002","是否是团员"
"qn4004","是否是宗教信仰团体成员"
"qn4003","是否是工会成员"
"qn4005","是否是个体劳动者协会成员"
"qn1101","对本县市政府评价"
"qn1702","法院在判大案听取当地政府"
"qn6012","环境保护"
"qn6013","贫富差距"
"qn6014","就业问题"
"qn6015","教育问题"
"qn6016","医疗问题"
"qn6017","住房问题"
"qn6018","社会保障"
"qn6011","政府腐败"
"qn7","村/居委会选举投票"
"qp101","当前身高（厘米）"
"qp102","当前体重（斤）"
"qa101","出生时的体重(斤)"
"qp103","习惯用手"
"qp201","健康状况"
"qp202","健康变化情况"
"qp301","过去两周身体是否不适"
"qp302code","QP302code"
"qp5code","过去12个月最严重的疾病"
"qp303","您觉得病伤程度"
"qp304","看过医生吗"
"qp401","半年内是否有慢性疾病"
"qp402acode","QP402A 慢性疾病编码1"
"qp402bcode","QP402B 慢性疾病编码2"
"qc401","过去12个月是否因病住院"
"qc7a","住院总费用（元）"
"qc7b","其他伤病花费（元）"
"metotal","医疗总花费"
"qc701","医疗费用自付花费（元）"
"qq701a","近一年您生病时谁照顾"
"qp601","一般去哪里看病"
"qp602","对看病点条件满意度"
"qp603","看病点医疗水平"
"qp605_s_1","医疗保险类型1"
"qp605_s_2","医疗保险类型2"
"qp605_s_3","医疗保险类型3"
"qp605_s_4","医疗保险类型4"
"qp605_s_5","医疗保险类型5"
"qp605_s_6","医疗保险类型6"
"qp605_a_1","享有哪些医疗保险：公费医疗"
"qp605_a_2","享有哪些医疗保险：城镇职工医疗保险"
"qp605_a_3","享有哪些医疗保险：城镇居民医疗保险（含一老一小保险）"
"qp605_a_4","享有哪些医疗保险：补充医疗保险"
"qp605_a_5","享有哪些医疗保险：新型农村合作医疗"
"qp605_a_6","享有哪些医疗保险：城乡居民基本医疗保险"
"qp605_a_78","享有哪些医疗保险：以上都没有"
"qp701n","锻炼身体的频率（次）"
"qp702n","锻炼时长（分钟）"
"qp703","锻炼感受"
"qp801n","蛋白质摄入"
"qp802n","蔬果摄入"
"qq201","过去一月您吸烟吗"
"qq202","每天吸烟量（支）"
"qq204","是否曾经吸烟"
"qq2011","开始吸烟年龄（岁）"
"qq205","戒烟年龄（岁）"
"qq301","过去一月每周喝酒过3次吗"
"qq401","您是否午休"
"qq402","午休时长（分）"
"qq403a","晚上睡觉时间（点）"
"qq403b","晚上睡觉时间（分）"
"qq400","工作日区分"
"qq4010","睡眠时长（小时/天）"
"qq4011","工作日睡眠时长(小时/天)"
"qq4012","休息日睡眠时长(小时/天)"
"qq9010n","干家务时长（小时/天）"
"qq9011n","工作日干家务时长(小时/天)"
"qq9012","休息日干家务时长(小时/天)"
"qq9013","照顾孩子时长（小时/天）"
"qq1001","看电视,电影时长(小时/周)"
"qq1002","和家人吃饭次数(晚/周)"
"qq1101","是否读书"
"qq1102","总阅读量（本）"
"qq501","能记住主要事情吗"
"qn406","我感到情绪低落"
"qn407","我觉得做任何事都很费劲"
"qn411","我的睡眠不好"
"qn412","我感到愉快"
"qn414","我感到孤独"
"qn416","我生活快乐"
"qn418","我感到悲伤难过"
"qn420","我觉得生活无法继续"
"cesd20sc","CESD20SC构建分数"
"cesd8","CESD8分数"
"qm201_b_2","家长会问清原因"
"qm202_b_2","家长鼓励你努力去做"
"qm203_b_2","家长跟你说话很和气"
"qm204_b_2","家长鼓励你独立思考"
"qm205_b_2","家长会跟你讲原因"
"qm206_b_2","家长喜欢跟你说话"
"qm207_b_2","家长问你学校的情况"
"qm208_b_2","家长检查你的作业"
"qm209_b_2","家长辅导你的功课"
"qm210_b_2","家长给你讲故事"
"qm211_b_2","家长和你一起玩乐"
"qm212_b_2","家长表扬你"
"qm213_b_2","家长批评你"
"qm214_b_2","家长参加家长会"
"qn2","与父母争吵次数（次/月）"
"qn201_b_2","与父母谈心次数（次/月）"
"qn3","过去一月父母争吵次数(次/月)"
"iwr1","字词回忆：第一轮"
"iwr2","字词回忆：第二轮"
"dwr","字词延时回忆"
"iwr","字词回忆：第一轮&第二轮"
"ns_g","数列测试结果: Guttman scale （0-15）"
"ns_w","数列测试结果: W-score"
"ns_wse","数列测试结果: Standard error of W-score"
"qq1011","能否独立户外活动"
"qq1012","能否独立进餐"
"qq1013","能否独立厨房活动"
"qq1014","能够独立使用公共交通"
"qq1015","能否独立购物"
"qq1016","能否独立清洁卫生"
"qq1017","能否独立洗衣"
"qv01","14岁前健康状况"
"qv02","14岁领袖气质"
"qv03","14岁冒险精神"
"qv04","14岁家庭地位"
"qv101a","父亲出生日期（年）"
"qv101c","父亲年龄"
"qv102","您14岁时父亲教育程度"
"qv104","您14岁时父亲政治面貌"
"qv201y","您母亲出生日期（年）"
"qv201b","您母亲的年龄"
"qv202","您14岁时母亲教育程度"
"qv204","您14岁时母亲政治面貌"
"qz101pid_a_1","其他参与回答问卷的家庭成员1"
"qz101pid_a_2","其他参与回答问卷的家庭成员2"
"qz102_s_1","家庭成员之外谁在场"
"qz102_s_2","家庭成员之外谁在场"
"qz102_s_3","家庭成员之外谁在场"
"qz103","访问使用的主要语言"
"qz202","健康状况"
"qz203","衣装整洁程度"
"qqz204","外貌"
"qz207","智力水平"
"qz5","急于结束调查的程度"
"respc1pid","代答人样本编码（代答）"
"pg02","过去12个月是否有工作（代答）"
"cfps2020edu","CFPS2020个人问卷受访者已完成的最高学历"
"cfps2020sch","CFPS2020个人问卷受访者离校/上学阶段"
"cfps2020eduy","CFPS2020个人问卷受访者已完成的受教育年限"
"cfps2020eduy_im","CFPS2020个人问卷受访者已完成的受教育年限（插补）"
"releaseversion","发布版本"
